-- phpMyAdmin SQL Dump
-- version 4.5.1
-- http://www.phpmyadmin.net
--
-- Host: 127.0.0.1
-- Generation Time: Mar 17, 2016 at 10:24 PM
-- Server version: 5.6.27
-- PHP Version: 5.6.14

SET SQL_MODE = "NO_AUTO_VALUE_ON_ZERO";
SET time_zone = "+00:00";


/*!40101 SET @OLD_CHARACTER_SET_CLIENT=@@CHARACTER_SET_CLIENT */;
/*!40101 SET @OLD_CHARACTER_SET_RESULTS=@@CHARACTER_SET_RESULTS */;
/*!40101 SET @OLD_COLLATION_CONNECTION=@@COLLATION_CONNECTION */;
/*!40101 SET NAMES utf8mb4 */;

--
-- Database: `supinternet_36errors`
--

-- --------------------------------------------------------

--
-- Table structure for table `ce16_category`
--

CREATE TABLE `ce16_category` (
  `id` int(11) NOT NULL,
  `title` varchar(255) NOT NULL
) ENGINE=InnoDB DEFAULT CHARSET=latin1;

--
-- Dumping data for table `ce16_category`
--

INSERT INTO `ce16_category` (`id`, `title`) VALUES
(1, 'Meilleur film'),
(2, 'Meilleur réalisateur'),
(3, 'Meilleur acteur'),
(4, 'Meilleure actrice'),
(5, 'Meilleur acteur dans un second rôle'),
(6, 'Meilleure actrice dans un second rôle'),
(7, 'Meilleur espoir masculin'),
(8, 'Meilleur espoir féminin'),
(9, 'Meilleur scénario original'),
(10, 'Meilleure adaptation'),
(11, 'Meilleurs décors'),
(12, 'Meilleurs costumes'),
(13, 'Meilleure photographie'),
(14, 'Meilleur montage'),
(15, 'Meilleur son'),
(16, 'Meilleure musique'),
(17, 'Meilleur premier film'),
(18, 'Meilleur film d''animation'),
(19, 'Meilleur film documentaire'),
(20, 'Meilleur film étranger'),
(21, 'Meilleur court métrage'),
(22, 'Meilleur court métrage d''animation');

-- --------------------------------------------------------

--
-- Table structure for table `ce16_nominee`
--

CREATE TABLE `ce16_nominee` (
  `id` int(11) NOT NULL,
  `category_id` int(11) NOT NULL,
  `name` varchar(255) CHARACTER SET utf8 COLLATE utf8_bin NOT NULL,
  `info` text CHARACTER SET utf8 COLLATE utf8_bin NOT NULL,
  `pic_url` varchar(255) NOT NULL,
  `winner` int(11) NOT NULL DEFAULT '0'
) ENGINE=InnoDB DEFAULT CHARSET=latin1;

--
-- Dumping data for table `ce16_nominee`
--

INSERT INTO `ce16_nominee` (`id`, `category_id`, `name`, `info`, `pic_url`, `winner`) VALUES
(1, 1, 'Dheepan', 'Jacques Audiard', 'http://i.imgur.com/AH2UIBQ.jpg', 0),
(2, 1, 'Fatima', 'Philippe Faucon', 'http://i.imgur.com/AtyYJjR.jpg', 1),
(3, 1, 'La Loi du marché', 'Stéphane Brizé', 'http://i.imgur.com/xk2SMv8.jpg', 0),
(4, 1, 'Trois souvenirs de ma jeunesse', 'Arnaud Desplechin', 'http://i.imgur.com/YfMuHcH.jpg', 0),
(5, 1, 'Marguerite', 'Xavier Giannoli', 'http://i.imgur.com/h95x79G.jpg', 0),
(6, 1, 'Mon roi', 'Maïwenn', 'http://i.imgur.com/E3ttkqy.jpg', 0),
(7, 1, 'Mustang', 'Deniz Gamze Ergüven', 'http://i.imgur.com/8gjztFB.jpg', 0),
(8, 2, 'Jacques Audiard', 'Dheepan', 'http://i.imgur.com/aYWv8R1.jpg', 0),
(9, 2, 'Stéphane Brizé', 'La Loi du marché', 'http://i.imgur.com/BjGaC2E.jpg', 0),
(10, 2, 'Xavier Giannoli', 'Marguerite', 'http://i.imgur.com/DtdXJiY.jpg', 0),
(11, 2, 'Arnaud Desplechin', 'Trois souvenirs de ma jeunesse', 'http://i.imgur.com/kVNrX1y.jpg', 1),
(12, 2, 'Maïwenn', 'Mon roi', 'http://i.imgur.com/IZmmJCp.jpg', 0),
(13, 2, 'Emmanuelle Bercot', 'La Tête haute', 'http://i.imgur.com/Z2rv7Cl.jpg', 0),
(14, 2, 'Deniz Gamze Ergüven', 'Mustang', 'http://i.imgur.com/ChANZCZ.jpg', 0),
(15, 3, 'Jean-Pierre Bacri', 'La Vie très privée de Monsieur Sim', 'http://i.imgur.com/kP7FCOs.jpg', 0),
(16, 3, 'Vincent Cassel', 'Mon roi', 'http://i.imgur.com/oPoxiEJ.jpg', 0),
(17, 3, 'François Damiens', 'Les Cow-boys', 'http://i.imgur.com/2O591nW.jpg', 0),
(18, 3, 'Gérard Depardieu', 'Valley of love', 'http://i.imgur.com/XuHXjaO.jpg', 0),
(19, 3, 'Antonythasan Jesuthasan', 'Dheepan', 'http://i.imgur.com/nCXKBAP.jpg', 0),
(20, 3, 'Fabrice Luchini', 'L''Hermine', 'http://i.imgur.com/uSH5aFz.jpg', 0),
(21, 3, 'Vincent Lindon', 'La Loi du marché', 'http://i.imgur.com/6gvKTLk.jpg', 1),
(22, 4, 'Loubna Abidar', 'Much loved', 'http://i.imgur.com/QJ3NsPL.jpg', 0),
(23, 4, 'Emmanuelle Bercot', 'Mon roi', 'http://i.imgur.com/Z2rv7Cl.jpg', 0),
(24, 4, 'Catherine Deneuve', 'La Tête haute', 'http://i.imgur.com/KA9usF2.jpg', 0),
(25, 4, 'Catherine Frot', 'Marguerite', 'http://i.imgur.com/ea2hOAf.jpg', 1),
(26, 4, 'Isabelle Huppert', 'Valley of love', 'http://i.imgur.com/PK1zYnM.jpg', 0),
(27, 4, 'Soria Zeroual', 'Fatima', 'http://i.imgur.com/Wel1V1Y.jpg', 0),
(28, 4, 'Cécile de France', 'La Belle saison', 'http://i.imgur.com/Bcqd5nl.jpg', 0),
(29, 5, 'Michel Fau', 'Marguerite', 'http://i.imgur.com/GvkIncp.jpg', 0),
(30, 5, 'Louis Garrel', 'Mon roi', 'http://i.imgur.com/jdBb0QY.jpg', 0),
(31, 5, 'Benoit Magimel', 'La Tête haute', 'http://i.imgur.com/pD7mbM8.jpg', 1),
(32, 5, 'André Marcon', 'Marguerite', 'http://i.imgur.com/ApQgeUD.jpg', 0),
(33, 5, 'Vincent Rottiers', 'Dheepan', 'http://i.imgur.com/AlA8l4P.jpg', 0),
(34, 6, 'Sara Forestier', 'La Tête Haute', 'http://i.imgur.com/Rj5yO6C.jpg', 0),
(35, 6, 'Agnès Jaoui', 'Comme un avion', 'http://i.imgur.com/1pyUmJy.jpg', 0),
(36, 6, 'Sidse Babett Knudsen', 'L''Hermine', 'http://i.imgur.com/jjcprb8.jpg', 1),
(37, 6, 'Noémie Lvovsky', 'La Belle saison', 'http://i.imgur.com/Ul1LsOq.jpg', 0),
(38, 6, 'Karin Viard', '21 nuits avec Pattie', 'http://i.imgur.com/N9t9T3l.jpg', 0),
(39, 7, 'Rod Paradot', 'La Tête haute', 'http://i.imgur.com/z2tJmOR.jpg', 1),
(40, 7, 'Swann Arlaud', 'Les Anarchistes', 'http://i.imgur.com/XnoIUsN.jpg', 0),
(41, 7, 'Quentin Dolmaire', 'Trois souvenirs de ma jeunesse', 'http://i.imgur.com/UIaSv9y.jpg', 0),
(42, 7, 'Félix Moati', 'A trois on y va', 'http://i.imgur.com/hojoBZP.jpg', 0),
(43, 7, 'Finnegan Oldfield', 'Les Cowboys', 'http://i.imgur.com/MFRLW7N.jpg', 0),
(44, 8, 'Lou Roy-Lecollinet', 'Trois souvenirs de ma jeunesse', 'http://i.imgur.com/Tr1FnTm.jpg', 0),
(45, 8, 'Zita Hanrot', 'Fatima', 'http://i.imgur.com/0UTSSZp.jpg', 1),
(46, 8, 'Diane Rouxel', 'La Tête haute', 'http://i.imgur.com/zmnD1YR.jpg', 0),
(47, 8, 'Sara Giraudeau', 'Les Bêtises', 'http://i.imgur.com/3mMEdZa.jpg', 0),
(48, 8, 'Camille Cottin', 'Connasse, princesse des coeurs', 'http://i.imgur.com/06nzBtg.png', 0),
(49, 9, 'Dheepan', 'Jacques Audiard, Thomas Bidegain et Noé Debré', 'http://i.imgur.com/AH2UIBQ.jpg', 0),
(50, 9, 'Marguerite', 'Xavier Giannoli', 'http://i.imgur.com/h95x79G.jpg', 0),
(51, 9, 'Mustang', 'Deniz Gamze Ergüven et Alice Winocour', 'http://i.imgur.com/8gjztFB.jpg', 1),
(52, 9, 'La Tête haute', 'Emmanuelle Bercot et Marcia Romano', 'http://i.imgur.com/sCktNFG.jpg', 0),
(53, 9, 'Trois souvenirs de ma jeunesse', 'Arnaud Desplechin et Julie Peyr', 'http://i.imgur.com/YfMuHcH.jpg', 0),
(54, 10, 'L''Affaire SK1', 'David Oelhoffen et Frédéric Tellier', 'http://i.imgur.com/tpvoUxl.jpg', 0),
(55, 10, 'Asphalte', 'Samuel Benchetrit', 'http://i.imgur.com/5Mci7Ou.jpg', 0),
(56, 10, 'L''Enquête', 'Vincent Garenq et Stéphane Cabel', 'http://i.imgur.com/Ki15oQt.jpg', 0),
(57, 10, 'Fatima', 'Philippe Faucon', 'http://i.imgur.com/AtyYJjR.jpg', 1),
(58, 10, 'Journal d''une femme de chambre', 'Benoît Jacquot et Hélène Zimmer', 'http://i.imgur.com/gytdSQc.jpg', 0),
(59, 11, 'Dheepan', 'Michel Barthélémy', 'http://i.imgur.com/AH2UIBQ.jpg', 0),
(60, 11, 'Journal d''une femme de chambre', 'Katia Wyszkop', 'http://i.imgur.com/gytdSQc.jpg', 0),
(61, 11, 'Marguerite', 'Martin Kurel', 'http://i.imgur.com/h95x79G.jpg', 1),
(62, 11, 'L''Odeur de la mandarine', 'Jean Rabasse', 'http://i.imgur.com/bGffWoF.jpg', 0),
(63, 11, 'Trois souvenirs de ma jeunesse', 'Toma Baquéni', 'http://i.imgur.com/YfMuHcH.jpg', 0),
(64, 12, 'Journal d''une femme de chambre', 'Anaïs Romand', 'http://i.imgur.com/gytdSQc.jpg', 0),
(65, 12, 'Marguerite', 'Jean-Pierre Larroque', 'http://i.imgur.com/h95x79G.jpg', 1),
(66, 12, 'Mustang', 'Selin Sözen', 'http://i.imgur.com/8gjztFB.jpg', 0),
(67, 12, 'Trois souvenirs de ma jeunesse', 'Nathalie raoul', 'http://i.imgur.com/YfMuHcH.jpg', 0),
(68, 12, 'L''Odeur de la mandarine', 'Catherine Leterrier', 'http://i.imgur.com/bGffWoF.jpg', 0),
(69, 13, 'Dheepan', 'Éponine Momenceau', 'http://i.imgur.com/AH2UIBQ.jpg', 0),
(70, 13, 'Marguerite', 'Glynn Speeckaert', 'http://i.imgur.com/h95x79G.jpg', 0),
(71, 13, 'Mustang', 'David Chizallet et Ersin Gök', 'http://i.imgur.com/8gjztFB.jpg', 0),
(72, 13, 'Trois souvenirs de ma jeunesse', 'Irina Lubtchansky', 'http://i.imgur.com/YfMuHcH.jpg', 0),
(73, 13, 'Valley of love', 'Christophe Offenstein', 'http://i.imgur.com/cq0Nxar.jpg', 1),
(74, 14, 'Dheepan', 'Juliette Welfling', 'http://i.imgur.com/AH2UIBQ.jpg', 0),
(75, 14, 'Marguerite', 'Cyril Nakache', 'http://i.imgur.com/h95x79G.jpg', 0),
(76, 14, 'Mon roi', 'Simon Jacquet', 'http://i.imgur.com/E3ttkqy.jpg', 0),
(77, 14, 'Mustang', 'Mathilde Van de Moortel', 'http://i.imgur.com/8gjztFB.jpg', 1),
(78, 14, 'Trois souvenirs de ma jeunesse', 'Laurence Briaud', 'http://i.imgur.com/YfMuHcH.jpg', 0),
(79, 15, 'Dheepan', 'Daniel Sobrino, Valérie Deloof et Cyril Holtz', 'http://i.imgur.com/AH2UIBQ.jpg', 0),
(80, 15, 'Marguerite', 'François Musy et Gabriel Hafner', 'http://i.imgur.com/h95x79G.jpg', 1),
(81, 15, 'Mustang', 'Ibrahim Gök, Damien Guillaume et Olivier Goinard', 'http://i.imgur.com/8gjztFB.jpg', 0),
(82, 15, 'Trois souvenirs de ma jeunesse', 'Nicolas Cantin, Sylvain Malbrant et Stéphane Thiébaut', 'http://i.imgur.com/YfMuHcH.jpg', 0),
(83, 15, 'Mon roi', 'Nicolas Provost, Agnès Ravez et Emmanuel Croset', 'http://i.imgur.com/E3ttkqy.jpg', 0),
(84, 16, 'Les Cowboys', 'Raphael', 'http://i.imgur.com/aB5QqPY.jpg', 0),
(85, 16, 'En mai, fais ce qu''il te plait', 'Ennio Morricone', 'http://i.imgur.com/zOA3hIc.jpg', 0),
(86, 16, 'Mon roi', 'Stephen Warbeck', 'http://i.imgur.com/E3ttkqy.jpg', 0),
(87, 16, 'Mustang', 'Warren Ellis', 'http://i.imgur.com/8gjztFB.jpg', 1),
(88, 16, 'Trois souvenirs de ma jeunesse', 'Grégoire Hetzel', 'http://i.imgur.com/YfMuHcH.jpg', 0),
(89, 17, 'L''Affaire SK1', 'Frédéric Tellier', 'http://i.imgur.com/tpvoUxl.jpg', 0),
(90, 17, 'Les Cowboys', 'Thomas Bidegain', 'http://i.imgur.com/aB5QqPY.jpg', 0),
(91, 17, 'Mustang', 'Deniz Gamze Ergüven', 'http://i.imgur.com/8gjztFB.jpg', 1),
(92, 17, 'Ni le ciel ni la terre', 'Clément Cogitore', 'http://i.imgur.com/FvSlY5d.jpg', 0),
(93, 17, 'Nous trois ou rien', 'Kheiron Tabib', 'http://i.imgur.com/Lgc5ALQ.jpg', 0),
(94, 18, 'Adama', 'Simon Rouby', 'http://i.imgur.com/SQMNJcT.jpg', 0),
(95, 18, 'Avril et le Monde truqué', 'Christian Desmares et Franck Ekinci', 'http://i.imgur.com/LF3n1M4.jpg', 0),
(96, 18, 'Le Petit Prince', 'Mark Osbourne', 'http://i.imgur.com/QYvtyse.jpg', 1),
(97, 19, 'Le Bouton de nacre', 'Patricio Guzmán', 'http://i.imgur.com/UUAhN3C.jpg', 0),
(98, 19, 'Cavanna jusqu''à l''ultime seconde, j’écrirai', 'Denis Robert et Nina Robert', 'http://i.imgur.com/GaFpUH8.jpg', 0),
(99, 19, 'Demain', 'Cyril Dion et Mélanie Laurent', 'http://i.imgur.com/qsZPva2.jpg', 1),
(100, 19, 'L''Image manquante', 'Rithy Panh', 'http://i.imgur.com/6DVeHhW.jpg', 0),
(101, 19, 'Une jeunesse allemande', 'Jean-Gabriel Périot', 'http://i.imgur.com/iObVn3R.jpg', 0),
(102, 20, 'Birdman', 'Alejandro González Iñárritu', 'http://i.imgur.com/FoIHXUg.jpg', 1),
(103, 20, 'Le Fils de Saul', 'László Nemes', 'http://i.imgur.com/k6WG4K7.jpg', 0),
(104, 20, 'Je suis mort mais j''ai des amis', 'Guillaume et Stéphane Malandrin', 'http://i.imgur.com/w7asYcr.jpg', 0),
(105, 20, 'Mia madre', 'Nanni Moretti', 'http://i.imgur.com/puyR4ZZ.jpg', 0),
(106, 20, 'Taxi Téhéran', 'Jafar Panahi', 'http://i.imgur.com/bL5ByLG.jpg', 0),
(107, 20, 'Le Tout Nouveau Testament', 'Jaco Van Dormael', 'http://i.imgur.com/F12hpqH.jpg', 0),
(108, 20, 'Youth', 'Paolo Sorrentino', 'http://i.imgur.com/0e1O1X0.jpg', 0),
(109, 21, 'La Contre-allée', 'Cécile Ducrocq', 'http://i.imgur.com/o5LsDsG.jpg', 1),
(110, 21, 'Le Dernier des Céfrans', 'Pierre-Emmanuel Urcun', 'http://i.imgur.com/apK9bQ9.jpg', 0),
(111, 21, 'Essaie de mourir jeune', 'Morgan Simon', 'http://i.imgur.com/enQY0WN.jpg', 0),
(112, 21, 'Guy Môquet', 'Demis Herenger', 'http://i.imgur.com/gU89Jco.png', 0),
(113, 21, 'Mon héros', 'Sylvain Desclous', 'http://i.imgur.com/z1ObyUt.jpg', 0),
(114, 22, 'La Nuit américaine d''Angélique', 'Pierre-Emmanuel Lyet et Joris Clerté', 'http://i.imgur.com/TH3Bwj2.jpg', 0),
(115, 22, 'Le Repas dominical', 'Céline Devaux', 'http://i.imgur.com/9zZ1QIL.jpg', 1),
(116, 1, 'La Tête haute', 'Emmanuelle Bercot', 'http://i.imgur.com/sCktNFG.jpg', 0),
(117, 22, 'Sous tes doigts', 'Marie-Christine Courtès', 'http://i.imgur.com/AC8gSx4.jpg', 0),
(118, 22, 'Tigres à la queue leu leu', 'Benoît Chieux', 'http://i.imgur.com/7xkAnzb.jpg', 0);

-- --------------------------------------------------------

--
-- Table structure for table `ce16_user_pronostic`
--

CREATE TABLE `ce16_user_pronostic` (
  `user_id` int(11) NOT NULL,
  `category_id` int(11) NOT NULL,
  `nominee_id` int(11) NOT NULL,
  `weight` float NOT NULL DEFAULT '1'
) ENGINE=InnoDB DEFAULT CHARSET=latin1;

--
-- Dumping data for table `ce16_user_pronostic`
--

INSERT INTO `ce16_user_pronostic` (`user_id`, `category_id`, `nominee_id`, `weight`) VALUES
(1, 1, 7, 1),
(1, 2, 12, 1),
(1, 3, 19, 1),
(1, 4, 25, 1),
(1, 5, 33, 1),
(1, 6, 37, 1),
(1, 7, 43, 1),
(1, 8, 48, 1),
(1, 9, 53, 1),
(1, 10, 56, 1),
(1, 11, 60, 1),
(1, 12, 65, 1),
(1, 13, 69, 1),
(1, 14, 74, 1),
(1, 15, 80, 1),
(1, 16, 84, 1),
(1, 17, 90, 1),
(1, 18, 95, 1),
(1, 19, 101, 1),
(1, 20, 102, 1),
(1, 21, 109, 1),
(1, 22, 115, 1),
(6, 1, 4, 1),
(6, 2, 11, 1),
(6, 3, 16, 1),
(6, 4, 25, 1),
(6, 5, 29, 1),
(6, 6, 35, 1),
(6, 7, 41, 1),
(6, 8, 47, 1),
(6, 9, 53, 1),
(6, 10, 57, 1),
(6, 11, 61, 1),
(6, 12, 65, 1),
(6, 13, 69, 1),
(6, 14, 74, 1),
(6, 15, 79, 1),
(6, 16, 87, 1),
(6, 17, 91, 1),
(6, 18, 95, 1),
(6, 19, 97, 1),
(6, 20, 103, 1),
(6, 21, 109, 1),
(6, 22, 115, 1),
(8, 1, 7, 1),
(8, 2, 11, 1),
(8, 3, 21, 1),
(8, 4, 27, 1),
(8, 5, 29, 1),
(8, 6, 36, 1),
(8, 7, 41, 1),
(8, 8, 44, 1),
(8, 9, 49, 1),
(8, 10, 57, 1),
(8, 11, 61, 1),
(8, 12, 64, 1),
(8, 13, 73, 1),
(8, 14, 78, 1),
(8, 15, 80, 1),
(8, 16, 85, 1),
(8, 17, 91, 1),
(8, 18, 95, 1),
(8, 19, 97, 1),
(8, 20, 105, 1),
(8, 21, 109, 1),
(8, 22, 118, 1),
(15, 1, 7, 1),
(15, 2, 11, 1),
(15, 3, 21, 1),
(15, 4, 25, 1),
(15, 5, 29, 1),
(15, 6, 38, 1),
(15, 7, 41, 1),
(15, 8, 45, 1),
(15, 9, 53, 1),
(15, 10, 57, 1),
(15, 11, 61, 1),
(15, 12, 65, 1),
(15, 13, 69, 1),
(15, 14, 74, 1),
(15, 15, 79, 1),
(15, 16, 88, 1),
(15, 17, 91, 1),
(15, 18, 96, 1),
(15, 19, 97, 1),
(15, 20, 103, 1),
(15, 21, 110, 1),
(15, 22, 115, 1),
(17, 1, 4, 1),
(17, 2, 11, 1),
(17, 3, 18, 1),
(17, 4, 25, 1),
(17, 5, 31, 1),
(17, 6, 37, 1),
(17, 7, 42, 1),
(17, 8, 45, 1),
(17, 9, 53, 1),
(17, 10, 57, 1),
(17, 11, 63, 1),
(17, 12, 67, 1),
(17, 13, 72, 1),
(17, 14, 78, 1),
(17, 15, 82, 1),
(17, 16, 88, 1),
(17, 17, 89, 1),
(17, 18, 94, 1),
(17, 19, 100, 1),
(17, 20, 105, 1),
(17, 21, 112, 1),
(17, 22, 115, 1),
(36, 1, 7, 1),
(36, 2, 14, 1),
(36, 3, 18, 1),
(36, 4, 22, 1),
(36, 5, 33, 1),
(36, 6, 38, 1),
(36, 7, 41, 1),
(36, 8, 46, 1),
(36, 9, 50, 1),
(36, 10, 55, 1),
(36, 11, 61, 1),
(36, 12, 65, 1),
(36, 13, 69, 1),
(36, 14, 76, 1),
(36, 15, 79, 1),
(36, 16, 88, 1),
(36, 17, 91, 1),
(36, 18, 95, 1),
(36, 19, 100, 1),
(36, 20, 105, 1),
(36, 21, 110, 1),
(36, 22, 117, 1),
(184, 1, 7, 1),
(184, 2, 11, 1),
(184, 3, 21, 1),
(184, 4, 23, 1),
(184, 5, 33, 1),
(184, 6, 37, 1),
(184, 7, 39, 1),
(184, 8, 44, 1),
(184, 9, 51, 1),
(184, 10, 57, 1),
(184, 11, 61, 1),
(184, 12, 64, 1),
(184, 13, 73, 1),
(184, 14, 77, 1),
(184, 15, 80, 1),
(184, 16, 87, 1),
(184, 17, 91, 1),
(184, 18, 96, 1),
(184, 19, 99, 1),
(184, 20, 103, 1),
(184, 21, 109, 1),
(184, 22, 114, 1),
(185, 1, 6, 1),
(185, 2, 8, 1),
(185, 3, 21, 1),
(185, 4, 25, 1),
(185, 5, 31, 1),
(185, 6, 38, 1),
(185, 7, 39, 1),
(185, 8, 48, 1),
(185, 9, 52, 1),
(185, 10, 58, 1),
(185, 11, 61, 1),
(185, 12, 65, 1),
(185, 13, 69, 1),
(185, 14, 76, 1),
(185, 15, 80, 1),
(185, 16, 87, 1),
(185, 17, 91, 1),
(185, 18, 96, 1),
(185, 19, 97, 1),
(185, 20, 102, 1),
(185, 21, 109, 1),
(185, 22, 115, 1),
(187, 1, 7, 1),
(187, 2, 11, 1),
(187, 3, 16, 1),
(187, 4, 25, 1),
(187, 5, 30, 1),
(187, 6, 34, 1),
(187, 7, 41, 1),
(187, 8, 44, 1),
(187, 9, 50, 1),
(187, 10, 57, 1),
(187, 11, 61, 1),
(187, 12, 65, 1),
(187, 13, 71, 1),
(187, 14, 78, 1),
(187, 15, 80, 1),
(187, 16, 87, 1),
(187, 17, 91, 1),
(187, 18, 96, 1),
(187, 19, 99, 1),
(187, 20, 103, 1),
(188, 1, 4, 1),
(188, 2, 8, 1),
(188, 3, 21, 1),
(188, 4, 24, 1),
(188, 5, 32, 1),
(188, 6, 38, 1),
(188, 7, 39, 1),
(188, 8, 45, 1),
(188, 9, 49, 1),
(188, 10, 56, 1),
(188, 11, 60, 1),
(188, 12, 65, 1),
(188, 13, 71, 1),
(188, 14, 78, 1),
(188, 15, 81, 1),
(188, 16, 84, 1),
(188, 17, 91, 1),
(188, 18, 96, 1),
(188, 19, 99, 1),
(188, 20, 103, 1),
(188, 21, 109, 1),
(188, 22, 115, 1),
(189, 1, 7, 1),
(189, 2, 14, 1),
(189, 3, 21, 1),
(189, 4, 25, 1),
(189, 5, 31, 1),
(189, 6, 38, 1),
(189, 7, 41, 1),
(189, 8, 45, 1),
(189, 9, 49, 1),
(189, 10, 57, 1),
(189, 11, 61, 1),
(189, 12, 65, 1),
(189, 13, 73, 1),
(189, 14, 76, 1),
(189, 15, 79, 1),
(189, 16, 84, 1),
(189, 17, 91, 1),
(189, 18, 95, 1),
(189, 19, 101, 1),
(189, 20, 103, 1),
(189, 21, 110, 1),
(189, 22, 115, 1),
(190, 1, 1, 1),
(190, 2, 8, 1),
(190, 3, 21, 1),
(190, 4, 26, 1),
(190, 5, 33, 1),
(190, 6, 34, 1),
(190, 7, 43, 1),
(190, 8, 44, 1),
(190, 9, 49, 1),
(190, 10, 58, 1),
(190, 11, 60, 1),
(190, 12, 68, 1),
(190, 13, 69, 1),
(190, 14, 74, 1),
(190, 15, 79, 1),
(190, 16, 87, 1),
(190, 17, 91, 1),
(190, 18, 94, 1),
(190, 19, 98, 1),
(190, 20, 103, 1),
(190, 21, 111, 1),
(190, 22, 118, 1),
(191, 1, 7, 1),
(191, 2, 11, 1),
(191, 3, 21, 1),
(191, 4, 23, 1),
(191, 5, 30, 1),
(191, 6, 35, 1),
(191, 7, 43, 1),
(191, 8, 45, 1),
(191, 9, 51, 1),
(191, 10, 57, 1),
(191, 11, 60, 1),
(191, 12, 64, 1),
(191, 13, 71, 1),
(191, 14, 78, 1),
(191, 15, 82, 1),
(191, 16, 87, 1),
(191, 17, 91, 1),
(191, 18, 95, 1),
(191, 19, 100, 1),
(191, 20, 103, 1),
(191, 21, 109, 1),
(191, 22, 115, 1),
(192, 1, 7, 1),
(192, 2, 11, 1),
(192, 3, 21, 1),
(192, 4, 25, 1),
(192, 5, 30, 1),
(192, 6, 34, 1),
(192, 7, 41, 1),
(192, 8, 48, 1),
(192, 9, 50, 1),
(192, 10, 57, 1),
(192, 11, 60, 1),
(192, 12, 64, 1),
(192, 13, 72, 1),
(192, 14, 78, 1),
(192, 15, 80, 1),
(192, 16, 87, 1),
(192, 17, 91, 1),
(192, 18, 95, 1),
(192, 19, 99, 1),
(192, 20, 103, 1),
(192, 21, 113, 1),
(192, 22, 114, 1),
(193, 1, 7, 1),
(193, 2, 12, 1),
(193, 3, 21, 1),
(193, 4, 23, 1),
(193, 5, 33, 1),
(193, 6, 34, 1),
(193, 7, 43, 1),
(193, 8, 44, 1),
(193, 9, 53, 1),
(193, 10, 56, 1),
(193, 11, 60, 1),
(193, 12, 65, 1),
(193, 13, 69, 1),
(193, 14, 74, 1),
(193, 15, 80, 1),
(193, 16, 87, 1),
(193, 17, 91, 1),
(193, 18, 94, 1),
(193, 19, 99, 1),
(193, 20, 102, 1),
(193, 21, 109, 1),
(193, 22, 118, 1),
(194, 1, 7, 1),
(194, 2, 12, 1),
(194, 3, 16, 1),
(194, 4, 22, 1),
(194, 5, 33, 1),
(194, 6, 34, 1),
(194, 7, 40, 1),
(194, 8, 47, 1),
(194, 9, 49, 1),
(194, 10, 58, 1),
(194, 11, 60, 1),
(194, 12, 64, 1),
(194, 13, 71, 1),
(194, 14, 76, 1),
(194, 15, 80, 1),
(194, 16, 85, 1),
(194, 17, 91, 1),
(194, 18, 95, 1),
(194, 19, 99, 1),
(194, 20, 102, 1),
(194, 21, 109, 1),
(194, 22, 115, 1),
(196, 1, 3, 1),
(196, 2, 12, 1),
(196, 3, 16, 1),
(196, 4, 25, 1),
(196, 5, 29, 1),
(196, 6, 34, 1),
(196, 7, 39, 1),
(196, 8, 45, 1),
(196, 9, 51, 1),
(196, 10, 57, 1),
(196, 11, 61, 1),
(196, 12, 65, 1),
(196, 13, 73, 1),
(196, 14, 74, 1),
(196, 15, 80, 1),
(196, 16, 84, 1),
(196, 17, 91, 1),
(196, 18, 96, 1),
(196, 19, 98, 1),
(196, 20, 103, 1),
(196, 21, 109, 1),
(196, 22, 115, 1),
(197, 1, 7, 1),
(197, 2, 11, 1),
(197, 3, 21, 1),
(197, 4, 25, 1),
(197, 5, 30, 1),
(197, 6, 34, 1),
(197, 7, 41, 1),
(197, 8, 48, 1),
(197, 9, 53, 1),
(197, 10, 57, 1),
(197, 11, 61, 1),
(197, 12, 65, 1),
(197, 13, 71, 1),
(197, 14, 78, 1),
(197, 15, 80, 1),
(197, 16, 86, 1),
(197, 17, 91, 1),
(197, 18, 95, 1),
(197, 19, 99, 1),
(197, 20, 103, 1),
(197, 21, 109, 1),
(197, 22, 118, 1),
(198, 1, 3, 1),
(198, 2, 14, 1),
(198, 3, 18, 1),
(198, 4, 22, 1),
(198, 5, 29, 1),
(198, 6, 36, 1),
(198, 7, 42, 1),
(198, 8, 48, 1),
(198, 9, 53, 1),
(198, 10, 56, 1),
(198, 11, 61, 1),
(198, 12, 65, 1),
(198, 13, 71, 1),
(198, 14, 76, 1),
(198, 15, 80, 1),
(198, 16, 87, 1),
(198, 17, 91, 1),
(198, 18, 95, 1),
(198, 19, 101, 1),
(198, 20, 105, 1),
(198, 21, 109, 1),
(198, 22, 117, 1),
(199, 1, 7, 1),
(199, 2, 14, 1),
(199, 3, 21, 1),
(199, 4, 27, 1),
(199, 5, 31, 1),
(199, 6, 34, 1),
(199, 7, 41, 1),
(199, 8, 48, 1),
(199, 9, 53, 1),
(199, 10, 57, 1),
(199, 11, 61, 1),
(199, 12, 64, 1),
(199, 13, 70, 1),
(199, 14, 78, 1),
(199, 15, 80, 1),
(199, 16, 85, 1),
(199, 17, 91, 1),
(199, 18, 96, 1),
(199, 19, 99, 1),
(199, 20, 105, 1),
(199, 21, 111, 1),
(199, 22, 117, 1),
(200, 1, 4, 1),
(200, 2, 14, 1),
(200, 3, 15, 1),
(200, 4, 23, 1),
(200, 5, 31, 1),
(200, 6, 38, 1),
(200, 7, 41, 1),
(200, 8, 45, 1),
(200, 9, 53, 1),
(200, 10, 55, 1),
(200, 11, 61, 1),
(200, 12, 64, 1),
(200, 13, 71, 1),
(200, 14, 74, 1),
(200, 15, 80, 1),
(200, 16, 88, 1),
(200, 17, 91, 1),
(200, 18, 95, 1),
(200, 19, 99, 1),
(200, 20, 102, 1),
(201, 1, 7, 1),
(201, 2, 11, 1),
(201, 3, 16, 1),
(201, 4, 25, 1),
(201, 5, 30, 1),
(201, 6, 38, 1),
(201, 7, 41, 1),
(201, 8, 46, 1),
(201, 9, 49, 1),
(201, 10, 54, 1),
(201, 11, 61, 1),
(201, 12, 65, 1),
(201, 13, 73, 1),
(201, 14, 76, 1),
(201, 15, 79, 1),
(201, 16, 87, 1),
(201, 17, 90, 1),
(201, 18, 95, 1),
(201, 19, 100, 1),
(201, 20, 103, 1),
(201, 21, 109, 1),
(201, 22, 117, 1),
(203, 1, 7, 1),
(203, 2, 14, 1),
(203, 3, 21, 1),
(203, 4, 25, 1),
(203, 5, 31, 1),
(203, 6, 37, 1),
(203, 7, 39, 1),
(203, 8, 48, 1),
(203, 9, 53, 1),
(203, 10, 57, 1),
(203, 11, 61, 1),
(203, 12, 65, 1),
(203, 13, 70, 1),
(203, 14, 78, 1),
(203, 15, 80, 1),
(203, 16, 85, 1),
(203, 17, 91, 1),
(203, 18, 95, 1),
(203, 19, 99, 1),
(203, 20, 103, 1),
(203, 21, 112, 1),
(203, 22, 115, 1),
(204, 1, 7, 1),
(204, 2, 11, 1),
(204, 3, 19, 1),
(204, 4, 25, 1),
(204, 5, 32, 1),
(204, 6, 36, 1),
(204, 7, 41, 1),
(204, 8, 45, 1),
(204, 9, 53, 1),
(204, 10, 57, 1),
(204, 11, 61, 1),
(204, 12, 64, 1),
(204, 13, 73, 1),
(204, 14, 74, 1),
(204, 15, 83, 1),
(204, 16, 85, 1),
(204, 17, 93, 1),
(204, 18, 95, 1),
(204, 19, 97, 1),
(204, 20, 105, 1),
(204, 21, 111, 1),
(204, 22, 114, 1),
(205, 1, 5, 1),
(205, 2, 8, 1),
(205, 3, 19, 1),
(205, 4, 24, 1),
(205, 20, 105, 1),
(206, 1, 3, 1),
(206, 2, 11, 1),
(206, 3, 21, 1),
(206, 4, 22, 1),
(206, 5, 29, 1),
(206, 6, 35, 1),
(206, 7, 42, 1),
(206, 8, 47, 1),
(206, 9, 49, 1),
(206, 10, 54, 1),
(206, 11, 61, 1),
(206, 12, 68, 1),
(206, 13, 70, 1),
(206, 14, 77, 1),
(206, 15, 79, 1),
(206, 16, 85, 1),
(206, 17, 91, 1),
(206, 18, 94, 1),
(206, 19, 98, 1),
(206, 20, 102, 1),
(206, 21, 113, 1),
(206, 22, 117, 1),
(208, 1, 7, 1),
(208, 2, 11, 1),
(208, 3, 21, 1),
(208, 4, 23, 1),
(208, 5, 31, 1),
(208, 6, 36, 1),
(208, 7, 41, 1),
(208, 8, 44, 1),
(208, 9, 53, 1),
(208, 10, 56, 1),
(208, 11, 61, 1),
(208, 12, 65, 1),
(208, 13, 73, 1),
(208, 14, 78, 1),
(208, 15, 79, 1),
(208, 16, 84, 1),
(208, 17, 91, 1),
(208, 18, 95, 1),
(208, 19, 99, 1),
(208, 20, 103, 1),
(208, 21, 111, 1),
(208, 22, 115, 1),
(209, 1, 7, 1),
(209, 2, 14, 1),
(209, 3, 21, 1),
(209, 4, 25, 1),
(209, 5, 31, 1),
(209, 6, 34, 1),
(209, 7, 41, 1),
(209, 8, 45, 1),
(209, 9, 49, 1),
(209, 10, 57, 1),
(209, 11, 60, 1),
(209, 12, 64, 1),
(209, 13, 71, 1),
(209, 14, 77, 1),
(209, 15, 79, 1),
(209, 16, 87, 1),
(209, 17, 91, 1),
(209, 18, 95, 1),
(209, 19, 97, 1),
(209, 20, 103, 1),
(209, 21, 111, 1),
(209, 22, 115, 1),
(210, 1, 3, 1),
(210, 2, 8, 1),
(210, 3, 21, 1),
(210, 4, 25, 1),
(210, 5, 29, 1),
(210, 6, 34, 1),
(210, 7, 39, 1),
(210, 8, 44, 1),
(210, 9, 51, 1),
(210, 10, 57, 1),
(210, 11, 62, 1),
(210, 12, 64, 1),
(210, 13, 71, 1),
(210, 14, 76, 1),
(210, 15, 80, 1),
(210, 16, 85, 1),
(210, 17, 91, 1),
(210, 18, 96, 1),
(210, 19, 99, 1),
(210, 20, 106, 1),
(210, 21, 112, 1),
(210, 22, 117, 1),
(211, 1, 4, 1),
(211, 2, 11, 1),
(211, 3, 21, 1),
(211, 4, 25, 1),
(211, 5, 33, 1),
(211, 6, 38, 1),
(211, 7, 39, 1),
(211, 8, 45, 1),
(211, 9, 51, 1),
(211, 10, 57, 1),
(211, 11, 62, 1),
(211, 12, 65, 1),
(211, 13, 71, 1),
(211, 14, 76, 1),
(211, 15, 80, 1),
(211, 16, 88, 1),
(211, 17, 93, 1),
(211, 18, 95, 1),
(211, 19, 97, 1),
(211, 20, 103, 1),
(211, 21, 110, 1),
(211, 22, 115, 1),
(212, 1, 7, 1),
(212, 2, 8, 1),
(212, 3, 21, 1),
(212, 4, 22, 1),
(212, 5, 29, 1),
(212, 6, 36, 1),
(212, 7, 41, 1),
(212, 8, 45, 1),
(212, 9, 52, 1),
(212, 10, 54, 1),
(212, 11, 62, 1),
(212, 12, 65, 1),
(212, 13, 73, 1),
(212, 14, 76, 1),
(212, 15, 81, 1),
(212, 16, 84, 1),
(212, 17, 90, 1),
(212, 18, 96, 1),
(212, 19, 99, 1),
(212, 20, 106, 1),
(212, 21, 110, 1),
(212, 22, 117, 1),
(213, 1, 1, 1),
(213, 2, 11, 1),
(213, 3, 19, 1),
(213, 4, 24, 1),
(213, 5, 32, 1),
(213, 6, 35, 1),
(213, 7, 43, 1),
(213, 8, 48, 1),
(213, 9, 49, 1),
(213, 10, 55, 1),
(213, 11, 59, 1),
(213, 12, 64, 1),
(213, 13, 69, 1),
(213, 14, 75, 1),
(213, 15, 83, 1),
(213, 16, 88, 1),
(213, 17, 93, 1),
(213, 18, 95, 1),
(213, 19, 100, 1),
(213, 20, 106, 1),
(213, 21, 109, 1),
(213, 22, 118, 1),
(214, 1, 7, 1),
(214, 2, 14, 1),
(214, 3, 21, 1),
(214, 4, 23, 1),
(214, 5, 30, 1),
(214, 6, 38, 1),
(214, 7, 39, 1),
(214, 8, 46, 1),
(214, 9, 51, 1),
(214, 10, 57, 1),
(214, 11, 61, 1),
(214, 12, 64, 1),
(214, 13, 71, 1),
(214, 14, 78, 1),
(214, 15, 83, 1),
(214, 16, 86, 1),
(214, 17, 91, 1),
(214, 18, 95, 1),
(214, 19, 101, 1),
(214, 20, 105, 1),
(214, 21, 109, 1),
(214, 22, 115, 1),
(215, 1, 1, 1),
(215, 2, 11, 1),
(215, 3, 20, 1),
(215, 4, 27, 1),
(215, 5, 33, 1),
(215, 6, 36, 1),
(215, 7, 39, 1),
(215, 8, 48, 1),
(215, 9, 51, 1),
(215, 10, 54, 1),
(215, 11, 61, 1),
(215, 12, 65, 1),
(215, 13, 71, 1),
(215, 14, 75, 1),
(215, 15, 81, 1),
(215, 16, 85, 1),
(215, 17, 91, 1),
(215, 18, 96, 1),
(215, 19, 99, 1),
(215, 20, 107, 1),
(215, 21, 109, 1),
(215, 22, 117, 1);

-- --------------------------------------------------------

--
-- Table structure for table `user`
--

CREATE TABLE `user` (
  `id` int(11) NOT NULL,
  `provider` varchar(255) NOT NULL,
  `provider_id` varchar(255) NOT NULL,
  `username` varchar(255) NOT NULL,
  `screen_name` varchar(255) NOT NULL
) ENGINE=InnoDB DEFAULT CHARSET=latin1;

--
-- Dumping data for table `user`
--

INSERT INTO `user` (`id`, `provider`, `provider_id`, `username`, `screen_name`) VALUES
(1, 'twitter', '15823763', 'twitter:15823763', 'Ju'),
(2, 'facebook', '126595', 'facebook:126595', 'Julien Zamor'),
(3, 'google', '109442924520471076595', 'google:109442924520471076595', 'Julien Zamor'),
(4, 'twitter', '280398589', 'twitter:280398589', 'Sarah A.'),
(5, 'facebook', '1797560464', 'facebook:1797560464', 'Jeanne Lucie Tatischeff'),
(6, 'facebook', '845995106', 'facebook:845995106', 'Sarah Arnaud'),
(7, 'twitter', '197539840', 'twitter:197539840', 'Hélène Chevallier'),
(8, 'facebook', '1385512942', 'facebook:1385512942', 'Joseph Boinay'),
(9, 'facebook', '526390838', 'facebook:526390838', 'Sophie Crouzil'),
(10, 'facebook', '565335544', 'facebook:565335544', 'Fabien Zibi'),
(11, 'twitter', '54834676', 'twitter:54834676', 'Alain Thivillon'),
(12, 'twitter', '8464102', 'twitter:8464102', 'Benoît'),
(13, 'twitter', '98710577', 'twitter:98710577', 'Hugo'),
(14, 'facebook', '597413358', 'facebook:597413358', 'Nico Ruyó'),
(15, 'twitter', '22469901', 'twitter:22469901', '™'),
(16, 'google', '106564525522381795299', 'google:106564525522381795299', 'Sebastien Defrance (Velvetshadow)'),
(17, 'twitter', '42603508', 'twitter:42603508', 'Lucile'),
(18, 'twitter', '17928305', 'twitter:17928305', 'jade'),
(19, 'twitter', '68365096', 'twitter:68365096', 'Daniel Andreyev'),
(20, 'facebook', '625639073', 'facebook:625639073', 'Myriam Szerman'),
(21, 'facebook', '801119161', 'facebook:801119161', 'Mathias Lamamy'),
(22, 'facebook', '100002009788349', 'facebook:100002009788349', 'Marie Magali'),
(23, 'twitter', '529288729', 'twitter:529288729', 'Karel'),
(24, 'twitter', '14234219', 'twitter:14234219', 'David Honnorat'),
(25, 'google', '115360383533983902693', 'google:115360383533983902693', 'Bishi boosh'),
(26, 'google', '107215673230095332488', 'google:107215673230095332488', 'Léo Ternoir'),
(27, 'twitter', '14239320', 'twitter:14239320', 'alung'),
(28, 'facebook', '100005117649662', 'facebook:100005117649662', 'Arthur Peregrin'),
(29, 'twitter', '54248554', 'twitter:54248554', 'Jen'),
(30, 'twitter', '304821786', 'twitter:304821786', 'Elmer Hunter'),
(31, 'twitter', '42593904', 'twitter:42593904', 'Ariane'),
(32, 'facebook', '1294174183', 'facebook:1294174183', 'Catherine Messias'),
(33, 'twitter', '26377010', 'twitter:26377010', 'Yod''ah'),
(34, 'twitter', '48294186', 'twitter:48294186', 'Nicholas'),
(35, 'facebook', '100001660160918', 'facebook:100001660160918', 'John F. Kriek'),
(36, 'twitter', '367298908', 'twitter:367298908', 'TeamHarpies'),
(37, 'facebook', '684685189', 'facebook:684685189', 'Julie Lagadec'),
(38, 'facebook', '522549220', 'facebook:522549220', 'Margaux Emery-Virot'),
(39, 'facebook', '538618212', 'facebook:538618212', 'Arnaud Dubuc'),
(40, 'facebook', '100001578810471', 'facebook:100001578810471', 'Cynthia Be'),
(41, 'twitter', '56101684', 'twitter:56101684', 'Gordon Shumway'),
(42, 'twitter', '51848368', 'twitter:51848368', 'Line'),
(43, 'twitter', '257039804', 'twitter:257039804', 'Nathan F'),
(44, 'twitter', '195739697', 'twitter:195739697', 'N.B.'),
(45, 'twitter', '408291303', 'twitter:408291303', 'Clément'),
(46, 'twitter', '465855293', 'twitter:465855293', 'JV'),
(47, 'facebook', '703511978', 'facebook:703511978', 'Jean-Marie Pottier'),
(48, 'twitter', '355622823', 'twitter:355622823', 'anna'),
(49, 'facebook', '533173053', 'facebook:533173053', 'Alice Meker'),
(50, 'twitter', '497352464', 'twitter:497352464', 'ColBosch'),
(51, 'twitter', '374089887', 'twitter:374089887', 'Aline F.'),
(52, 'twitter', '9930022', 'twitter:9930022', 'Enid Buscemi'),
(53, 'google', '118122431838618625799', 'google:118122431838618625799', 'Satheen Monroe'),
(54, 'twitter', '567721173', 'twitter:567721173', 'Marion PISTO'),
(55, 'facebook', '612473464', 'facebook:612473464', 'Thomas Choury'),
(56, 'twitter', '439113318', 'twitter:439113318', 'Darth Saiymone'),
(57, 'twitter', '101835958', 'twitter:101835958', 'Gianni Molinaro'),
(58, 'twitter', '82577177', 'twitter:82577177', 'estelle foerster'),
(59, 'facebook', '1199520770', 'facebook:1199520770', 'Aurélie Lafille Labas'),
(60, 'twitter', '2255739276', 'twitter:2255739276', 'Romain Bgrn'),
(61, 'twitter', '16439732', 'twitter:16439732', 'Eastern Deal Zed'),
(62, 'twitter', '85848558', 'twitter:85848558', 'Zeptentrion'),
(63, 'twitter', '897668712', 'twitter:897668712', 'Sylvain Charpentron'),
(64, 'twitter', '67302648', 'twitter:67302648', 'Michael Atlan'),
(65, 'twitter', '385254426', 'twitter:385254426', 'Baptiste G. '),
(66, 'twitter', '19283806', 'twitter:19283806', 'Rod'),
(67, 'facebook', '100000972789544', 'facebook:100000972789544', 'Françoise Armand'),
(68, 'twitter', '150878808', 'twitter:150878808', 'adèle'),
(69, 'twitter', '2365374697', 'twitter:2365374697', 'Mélanie T.'),
(70, 'twitter', '1146978708', 'twitter:1146978708', 'alucas'),
(71, 'google', '106141786528375232628', 'google:106141786528375232628', 'ismaël koné'),
(72, 'twitter', '1152062491', 'twitter:1152062491', 'Allie Circus'),
(73, 'facebook', '699364522', 'facebook:699364522', 'Aurore Osellame'),
(74, 'google', '108256846082259452585', 'google:108256846082259452585', 'Laure Blandin'),
(75, 'twitter', '333170022', 'twitter:333170022', 'Hugo'),
(76, 'twitter', '2311753566', 'twitter:2311753566', 'Johan Villeneuve'),
(77, 'facebook', '1532105773', 'facebook:1532105773', 'Valentin Le Roux'),
(78, 'twitter', '30938481', 'twitter:30938481', 'That''s not my name.'),
(79, 'twitter', '730467781', 'twitter:730467781', 'Tsar Neix '),
(80, 'twitter', '419699184', 'twitter:419699184', 'MiB'),
(81, 'twitter', '1894259294', 'twitter:1894259294', 'MinouToutDoux'),
(82, 'facebook', '1554684872', 'facebook:1554684872', 'Val Gerardin'),
(83, 'google', '103132469693029719269', 'google:103132469693029719269', 'OHAPE Ensemble d''Harmonie'),
(84, 'twitter', '82476827', 'twitter:82476827', 'Concombre Masqué'),
(85, 'twitter', '14895165', 'twitter:14895165', 'Ophélie.'),
(86, 'facebook', '778994844', 'facebook:778994844', 'Patrick Escande'),
(87, 'twitter', '536231987', 'twitter:536231987', 'Esenji'),
(88, 'twitter', '90251359', 'twitter:90251359', 'Valentin Le Roux'),
(89, 'facebook', '1266521520', 'facebook:1266521520', 'Charlotte Noirot'),
(90, 'twitter', '630537333', 'twitter:630537333', 'Céline Cauderlier'),
(91, 'facebook', '762935510', 'facebook:762935510', 'Tartiere Stephane'),
(92, 'twitter', '53506486', 'twitter:53506486', 'Stéphane Bouley'),
(93, 'google', '117936703897226624574', 'google:117936703897226624574', 'Stéphane Tartière'),
(94, 'twitter', '15453030', 'twitter:15453030', 'Praspatine '),
(95, 'google', '102234569919440508867', 'google:102234569919440508867', 'Benjamin Robert'),
(96, 'facebook', '100006636582724', 'facebook:100006636582724', 'Quentin Royer'),
(97, 'twitter', '801443544', 'twitter:801443544', 'Anthony'),
(98, 'twitter', '21196709', 'twitter:21196709', 'Izafox'),
(99, 'facebook', '704756934', 'facebook:704756934', 'Anouck Belthoise'),
(100, 'twitter', '1222226466', 'twitter:1222226466', 'Etienne Dang'),
(101, 'facebook', '1015773716', 'facebook:1015773716', 'Claire Pouzadoux'),
(102, 'twitter', '1165760611', 'twitter:1165760611', 'Minscbouh'),
(103, 'facebook', '100001892473679', 'facebook:100001892473679', 'Virginie Barranger'),
(104, 'facebook', '1194485891', 'facebook:1194485891', 'Cecile L. Wallace'),
(105, 'twitter', '73901619', 'twitter:73901619', 'Antoine'),
(106, 'twitter', '53438852', 'twitter:53438852', 'Flo B.'),
(107, 'twitter', '216987862', 'twitter:216987862', 'VertAbsinthe'),
(108, 'twitter', '543635499', 'twitter:543635499', 'Louis'),
(109, 'twitter', '15126500', 'twitter:15126500', 'Iris'),
(110, 'twitter', '358188889', 'twitter:358188889', 'Romain'),
(111, 'facebook', '1226540758', 'facebook:1226540758', 'Arthur Hirel'),
(112, 'twitter', '164430400', 'twitter:164430400', 'Antonin'),
(113, 'twitter', '1239362744', 'twitter:1239362744', 'art bd bullshit & co'),
(114, 'twitter', '17563473', 'twitter:17563473', 'Sigmund  |  Marion'),
(115, 'twitter', '16353162', 'twitter:16353162', 'pierrelapin'),
(116, 'twitter', '64016872', 'twitter:64016872', 'Jean-Philippe Bell'),
(117, 'twitter', '865081808', 'twitter:865081808', 'Chesapeake Ripper'),
(118, 'facebook', '1323342512', 'facebook:1323342512', 'Caroline Reglyss'),
(119, 'facebook', '1102942918', 'facebook:1102942918', 'Sebastien Liebus Meriadeck'),
(120, 'twitter', '163400068', 'twitter:163400068', 'leslie'),
(121, 'facebook', '517924198', 'facebook:517924198', 'Cyril Tonnerre'),
(122, 'twitter', '2356680152', 'twitter:2356680152', 'SuperBabar'),
(123, 'twitter', '18239285', 'twitter:18239285', 'ianux'),
(124, 'twitter', '200592695', 'twitter:200592695', 'morgane'),
(125, 'twitter', '55915644', 'twitter:55915644', 'Frantz Rogeon'),
(126, 'twitter', '471628227', 'twitter:471628227', '?*:. hO hAi .:*? '),
(127, 'twitter', '186076548', 'twitter:186076548', 'Turalyon'),
(128, 'twitter', '413402309', 'twitter:413402309', 'Machina94'),
(129, 'twitter', '246945937', 'twitter:246945937', 'Ali'),
(130, 'twitter', '17794582', 'twitter:17794582', 'Alexei Gruukovsky'),
(131, 'twitter', '428214937', 'twitter:428214937', 'Cyno'),
(132, 'facebook', '100004717563188', 'facebook:100004717563188', 'Morgan-Komla Apeti'),
(133, 'twitter', '375358705', 'twitter:375358705', 'Légeron Boris'),
(134, 'facebook', '1698135885', 'facebook:1698135885', 'Baptiste Musial'),
(135, 'facebook', '1153866486', 'facebook:1153866486', 'Jeanne le Gall'),
(136, 'twitter', '81440711', 'twitter:81440711', 'Anna Marmiesse'),
(137, 'twitter', '303405296', 'twitter:303405296', 'Diane '),
(138, 'twitter', '36032460', 'twitter:36032460', 'Sébastien Ganzer'),
(139, 'facebook', '100001671454204', 'facebook:100001671454204', 'Ophélie Abchiche'),
(140, 'facebook', '595691819', 'facebook:595691819', 'Timothée Gérardin'),
(141, 'facebook', '809672299', 'facebook:809672299', 'Julien Baisez'),
(142, 'facebook', '602733580', 'facebook:602733580', 'Viguen Shirvanian'),
(143, 'twitter', '25266573', 'twitter:25266573', 'Axel J.'),
(144, 'facebook', '618411513', 'facebook:618411513', 'Judith Godinot'),
(145, 'twitter', '163021199', 'twitter:163021199', 'François Justamente'),
(146, 'twitter', '9997062', 'twitter:9997062', 'Cecile Dehesdin'),
(147, 'twitter', '81654518', 'twitter:81654518', 'Rapo''Spoiler Zouzga'),
(148, 'facebook', '647063827', 'facebook:647063827', 'Marie Luz'),
(149, 'twitter', '1162736378', 'twitter:1162736378', 'Félix Chrétien'),
(150, 'facebook', '525790565', 'facebook:525790565', 'Paul Bouchard'),
(151, 'twitter', '18797630', 'twitter:18797630', 'Thomas Gastaldi'),
(152, 'twitter', '1117777585', 'twitter:1117777585', 'Florian Menguy'),
(153, 'twitter', '27897549', 'twitter:27897549', 'Elodie'),
(154, 'twitter', '406288224', 'twitter:406288224', 'Léa Hagemeier'),
(155, 'facebook', '781122934', 'facebook:781122934', 'Gaëlle Castany'),
(156, 'twitter', '45308467', 'twitter:45308467', 'François Lardenois'),
(157, 'twitter', '435883745', 'twitter:435883745', 'Antoine Grynberg'),
(158, 'twitter', '74214767', 'twitter:74214767', 'Yann R. Obraczka'),
(159, 'facebook', '759376246', 'facebook:759376246', 'Alex Gauer'),
(160, 'twitter', '90485869', 'twitter:90485869', 'Stéphanie P-Jacquin'),
(161, 'twitter', '223242826', 'twitter:223242826', 'Philip '),
(162, 'twitter', '200232536', 'twitter:200232536', 'Alix—tbnk'),
(163, 'google', '102787341560141833587', 'google:102787341560141833587', 'Thibaut Pézerat'),
(164, 'twitter', '1151340152', 'twitter:1151340152', 'Fanny'),
(165, 'twitter', '225927696', 'twitter:225927696', 'Valentin'),
(166, 'twitter', '47363895', 'twitter:47363895', 'MECHE'),
(167, 'facebook', '100001893496109', 'facebook:100001893496109', 'Olivia Guyot-Jeannin'),
(168, 'twitter', '217416509', 'twitter:217416509', 'Jessica T.'),
(169, 'google', '102460812230689683246', 'google:102460812230689683246', 'Julien Laplane'),
(170, 'facebook', '1769810082', 'facebook:1769810082', 'Marie-So Garnier'),
(171, 'twitter', '257018969', 'twitter:257018969', 'Charles Bnd'),
(172, 'facebook', '603199443', 'facebook:603199443', 'Romain Croze'),
(173, 'twitter', '10346752', 'twitter:10346752', 'Nykmer Oren'),
(174, 'facebook', '687086937', 'facebook:687086937', 'David Tredler'),
(175, 'facebook', '100002151589710', 'facebook:100002151589710', 'Agnès Salson'),
(176, 'facebook', '607577378', 'facebook:607577378', 'Camille Horowitz'),
(177, 'facebook', '648459960', 'facebook:648459960', 'Oriane Hurard'),
(178, 'twitter', '120578786', 'twitter:120578786', 'Chaton de l''espace'),
(179, 'google', '111614084910368469855', 'google:111614084910368469855', 'Martin Pulby'),
(180, 'twitter', '21349791', 'twitter:21349791', 'Meubly-kun'),
(181, 'facebook', '1377616009', 'facebook:1377616009', 'Mathieu Musial'),
(182, 'facebook', '610657205', 'facebook:610657205', 'Léa Dupouy Hennequin'),
(183, 'facebook', '1653997418', 'facebook:1653997418', 'Benoit Ohl'),
(184, 'facebook', '758892165', 'facebook:758892165', 'Hélène Chevallier'),
(185, 'twitter', '312742795', 'twitter:312742795', 'mysteries'),
(186, 'facebook', '10153946850102090', 'facebook:10153946850102090', 'Pascal Zamor'),
(187, 'facebook', '10208539534905836', 'facebook:10208539534905836', 'Salomé Villemin'),
(188, 'facebook', '469451523238522', 'facebook:469451523238522', 'Hugues Derolez'),
(189, 'facebook', '10208310369739463', 'facebook:10208310369739463', 'Zoé Zouillette'),
(190, 'twitter', '17680119', 'twitter:17680119', 'CloneWeb'),
(191, 'facebook', '10154014972433336', 'facebook:10154014972433336', 'Guillaume Dreyfus'),
(192, 'twitter', '207620996', 'twitter:207620996', 'Petit ingrat'),
(193, 'twitter', '3012771922', 'twitter:3012771922', 'Movie Timer'),
(194, 'facebook', '10154734982808782', 'facebook:10154734982808782', 'Lucie Sassiat'),
(195, 'twitter', '17248055', 'twitter:17248055', 'Charlotte Taccón'),
(196, 'facebook', '970528829650177', 'facebook:970528829650177', 'Michel Delgoff'),
(197, 'twitter', '1496672064', 'twitter:1496672064', 'Félix'),
(198, 'facebook', '10153995978872700', 'facebook:10153995978872700', 'Elodie Brunner'),
(199, 'twitter', '444060367', 'twitter:444060367', 'tom'),
(200, 'facebook', '10208884152364030', 'facebook:10208884152364030', 'Camille Satgé'),
(201, 'twitter', '11891992', 'twitter:11891992', 'Mg'),
(202, 'twitter', '69886206', 'twitter:69886206', 'HK'),
(203, 'twitter', '66467429', 'twitter:66467429', 'Adrien Marie'),
(204, 'facebook', '10208857755865211', 'facebook:10208857755865211', 'Juliette Gx'),
(205, 'facebook', '10154004907419697', 'facebook:10154004907419697', 'Nicola Buonanotte'),
(206, 'facebook', '10153510456823613', 'facebook:10153510456823613', 'Morvan Le Noach'),
(207, 'facebook', '10153566587989069', 'facebook:10153566587989069', 'Chloé Lobre'),
(208, 'twitter', '1259709212', 'twitter:1259709212', 'Alexandre Janowiak'),
(209, 'facebook', '10208774989509523', 'facebook:10208774989509523', 'Henry Jean'),
(210, 'facebook', '10153514759478121', 'facebook:10153514759478121', 'Elodie Lescuyer'),
(211, 'facebook', '10153262518191415', 'facebook:10153262518191415', 'Anne Pouliquen'),
(212, 'twitter', '566635291', 'twitter:566635291', 'Focal'),
(213, 'twitter', '812264', 'twitter:812264', 'Romain'),
(214, 'facebook', '10208237479550376', 'facebook:10208237479550376', 'Léa Bodin'),
(215, 'facebook', '1103803993004945', 'facebook:1103803993004945', 'Claudie Penin Zeziola'),
(216, 'twitter', '498089576', 'twitter:498089576', 'Florent Bodénez');

--
-- Indexes for dumped tables
--

--
-- Indexes for table `ce16_category`
--
ALTER TABLE `ce16_category`
  ADD PRIMARY KEY (`id`);

--
-- Indexes for table `ce16_nominee`
--
ALTER TABLE `ce16_nominee`
  ADD PRIMARY KEY (`id`);

--
-- Indexes for table `ce16_user_pronostic`
--
ALTER TABLE `ce16_user_pronostic`
  ADD UNIQUE KEY `user_id` (`user_id`,`category_id`);

--
-- Indexes for table `user`
--
ALTER TABLE `user`
  ADD PRIMARY KEY (`id`);

--
-- AUTO_INCREMENT for dumped tables
--

--
-- AUTO_INCREMENT for table `ce16_category`
--
ALTER TABLE `ce16_category`
  MODIFY `id` int(11) NOT NULL AUTO_INCREMENT, AUTO_INCREMENT=23;
--
-- AUTO_INCREMENT for table `ce16_nominee`
--
ALTER TABLE `ce16_nominee`
  MODIFY `id` int(11) NOT NULL AUTO_INCREMENT, AUTO_INCREMENT=119;
--
-- AUTO_INCREMENT for table `user`
--
ALTER TABLE `user`
  MODIFY `id` int(11) NOT NULL AUTO_INCREMENT, AUTO_INCREMENT=217;
/*!40101 SET CHARACTER_SET_CLIENT=@OLD_CHARACTER_SET_CLIENT */;
/*!40101 SET CHARACTER_SET_RESULTS=@OLD_CHARACTER_SET_RESULTS */;
/*!40101 SET COLLATION_CONNECTION=@OLD_COLLATION_CONNECTION */;
